titulo,descripcion,tipo,carrera,anio,ramo,tags,archivoUrl,rutaCarpeta
Informe_Trabajo_RRHH (1),,pdf,,,,,https://drive.google.com/file/d/14yrxEhApIXVryOniRWv4zgDbGYU_XMmo/view?usp=drivesdk,TRABAJO DE RRHH
Apuntes Rengifo,,pdf,,,,,https://drive.google.com/file/d/1JAI2Lo3dBN3sUYMe3LO02BL9YqT3GR9E/view?usp=drivesdk,ğ‘ğğ¥ğ¢ğ ğ¢Ã³ğ§ ğ² ğğ¨ğ¥Ã­ğ­ğ¢ğœğš
prueba2,,pdf,,,,,https://drive.google.com/file/d/1re_ZEFnE-Rkv6UlH6EIc0n0eEHwdSGP0/view?usp=drivesdk,ğ‘ğğ¥ğ¢ğ ğ¢Ã³ğ§ ğ² ğğ¨ğ¥Ã­ğ­ğ¢ğœğš
Prueba 1,,pdf,,,,,https://drive.google.com/file/d/16soZYszpRpJf9SgfMRSJgSurnQxkPz_u/view?usp=drivesdk,ğ‘ğğ¥ğ¢ğ ğ¢Ã³ğ§ ğ² ğğ¨ğ¥Ã­ğ­ğ¢ğœğš
Apuntes EUC1000,,pdf,,,,,https://drive.google.com/file/d/1Vw77KVrpvMgo7pShdOXrPb2PV0SxF5tN/view?usp=drivesdk,ğ„ğ§ğ ğ¥ğ¢ğ¬ğ¡
Apuntes EUC2000,,pdf,,,,,https://drive.google.com/file/d/1js_kcbHUwDpHBKXG4BmUPI5fuK-BJA4G/view?usp=drivesdk,ğ„ğ§ğ ğ¥ğ¢ğ¬ğ¡
Resumen,,pdf,,,,,https://drive.google.com/file/d/1DwIil6N2hDtUFcA4aJE4v3GrWwSTkfa8/view?usp=drivesdk,ğ€ğœğ¨ğ§ğ ğ…Ã­ğ¬ğ¢ğœğ¨ ğğğ¬ğšğ¬
Apuntes,,pdf,,,,,https://drive.google.com/file/d/1Js5jm-D2D54Q2VIbCRsP7F7EiRgZhsDn/view?usp=drivesdk,ğ…ğ¢ğ¥ğ¨ğ¬ğ¨ğŸÃ­ğš Â¿ğğšğ«ğš ğªğ®Ã©?/ğ€ğ©ğ®ğ§ğ­ğğ¬
Pauta Prueba 1,,pdf,,,,,https://drive.google.com/file/d/1xV2MnGBGYrTc1xAV8eHwQ0tzVG6cCrqo/view?usp=drivesdk,ğ…ğ¢ğ¥ğ¨ğ¬ğ¨ğŸÃ­ğš Â¿ğğšğ«ğš ğªğ®Ã©?/ğğ«ğ®ğğ›ğšğ¬
Pauta Prueba 2,,pdf,,,,,https://drive.google.com/file/d/13SkAvQ0gFyn3ZPsgNnDTVhr_xsmvJa9s/view?usp=drivesdk,ğ…ğ¢ğ¥ğ¨ğ¬ğ¨ğŸÃ­ğš Â¿ğğšğ«ğš ğªğ®Ã©?/ğğ«ğ®ğğ›ğšğ¬
Prueba 2,,pdf,,,,,https://drive.google.com/file/d/1HVe6zsUphJKmjo1Xa7IDRZyNX7j19rl8/view?usp=drivesdk,ğ…ğ¢ğ¥ğ¨ğ¬ğ¨ğŸÃ­ğš Â¿ğğšğ«ğš ğªğ®Ã©?/ğğ«ğ®ğğ›ğšğ¬
Prueba 1 (1),,pdf,,,,,https://drive.google.com/file/d/1jaLUDi6tMxywDilnaGfou2229EKmFzhF/view?usp=drivesdk,ğ…ğ¢ğ¥ğ¨ğ¬ğ¨ğŸÃ­ğš Â¿ğğšğ«ğš ğªğ®Ã©?/ğğ«ğ®ğğ›ğšğ¬
"14- Heidegger, M. - Serenidad",,pdf,,,,,https://drive.google.com/file/d/1PuDz-iOYo145UDW2UUCiAhBgAgSyaW52/view?usp=drivesdk,ğ…ğ¢ğ¥ğ¨ğ¬ğ¨ğŸÃ­ğš Â¿ğğšğ«ğš ğªğ®Ã©?/ğ‹ğğœğ­ğ®ğ«ğšğ¬
"15- Donna-Haraway - Manifiesto-Cyborg, PrÃ³logo",,pdf,,,,,https://drive.google.com/file/d/1vInAOSWEa__tQhcxZL7kUVu4X_hcacz5/view?usp=drivesdk,ğ…ğ¢ğ¥ğ¨ğ¬ğ¨ğŸÃ­ğš Â¿ğğšğ«ğš ğªğ®Ã©?/ğ‹ğğœğ­ğ®ğ«ğšğ¬
13- W. Benjamin - La obra de arte en la Ã©poca de su reproductibilidad tÃ©cnica,,pdf,,,,,https://drive.google.com/file/d/1A3rH-9TPYC_PSrgNB1ThLLSH36S8fdde/view?usp=drivesdk,ğ…ğ¢ğ¥ğ¨ğ¬ğ¨ğŸÃ­ğš Â¿ğğšğ«ğš ğªğ®Ã©?/ğ‹ğğœğ­ğ®ğ«ğšğ¬
"12- Jonas, H. El principio de responsabilidad",,pdf,,,,,https://drive.google.com/file/d/1AzzwU8H4cnhHwb8_bUsdU1EONs0FCXb8/view?usp=drivesdk,ğ…ğ¢ğ¥ğ¨ğ¬ğ¨ğŸÃ­ğš Â¿ğğšğ«ğš ğªğ®Ã©?/ğ‹ğğœğ­ğ®ğ«ğšğ¬
"10- Hannah Arendt (1995) Labor, Trabajo, AcciÃ³n",,pdf,,,,,https://drive.google.com/file/d/1j9xusKqRdpwdzzxlI5Ew6XNhHfDI_sLF/view?usp=drivesdk,ğ…ğ¢ğ¥ğ¨ğ¬ğ¨ğŸÃ­ğš Â¿ğğšğ«ğš ğªğ®Ã©?/ğ‹ğğœğ­ğ®ğ«ğšğ¬
09- Kant - FundamentaciÃ³n de la metafÃ­sica de las costumbres,,pdf,,,,,https://drive.google.com/file/d/1Epe0NwpKoYnGW_smCw-6ORqxn8Lh4iUD/view?usp=drivesdk,ğ…ğ¢ğ¥ğ¨ğ¬ğ¨ğŸÃ­ğš Â¿ğğšğ«ğš ğªğ®Ã©?/ğ‹ğğœğ­ğ®ğ«ğšğ¬
"08- Levinas - Etica E Infinito, cap 8",,pdf,,,,,https://drive.google.com/file/d/1RvufWcGKVvFjqeUE0Cvk8Gt0pG-9znBm/view?usp=drivesdk,ğ…ğ¢ğ¥ğ¨ğ¬ğ¨ğŸÃ­ğš Â¿ğğšğ«ğš ğªğ®Ã©?/ğ‹ğğœğ­ğ®ğ«ğšğ¬
07- Jean-Paul Sartre - El existencialismo es un humanismo,,pdf,,,,,https://drive.google.com/file/d/1vW4ol0gZh8dGr6zXcL4RPMt66P2O1BXk/view?usp=drivesdk,ğ…ğ¢ğ¥ğ¨ğ¬ğ¨ğŸÃ­ğš Â¿ğğšğ«ğš ğªğ®Ã©?/ğ‹ğğœğ­ğ®ğ«ğšğ¬
06- Nietzsche - CrepÃºsculo de los idolos- cap3,,pdf,,,,,https://drive.google.com/file/d/1ZwFhYcBY_Ckc3DHRd9nOTpP0wEnJfiEl/view?usp=drivesdk,ğ…ğ¢ğ¥ğ¨ğ¬ğ¨ğŸÃ­ğš Â¿ğğšğ«ğš ğªğ®Ã©?/ğ‹ğğœğ­ğ®ğ«ğšğ¬
05- Fenomenologia de la percepcion (prÃ³logo) - Maurice Merleau-Ponty,,pdf,,,,,https://drive.google.com/file/d/1b4KpvJmAx5BB56xi0TuUHyKpwN7SlndL/view?usp=drivesdk,ğ…ğ¢ğ¥ğ¨ğ¬ğ¨ğŸÃ­ğš Â¿ğğšğ«ğš ğªğ®Ã©?/ğ‹ğğœğ­ğ®ğ«ğšğ¬
03- Extracto del FedÃ³n (57a-70b),,pdf,,,,,https://drive.google.com/file/d/1WEpTOERGTXHYJvaYmmAw9dRzSIMgDMPc/view?usp=drivesdk,ğ…ğ¢ğ¥ğ¨ğ¬ğ¨ğŸÃ­ğš Â¿ğğšğ«ğš ğªğ®Ã©?/ğ‹ğğœğ­ğ®ğ«ğšğ¬
04- Descartes Meditaciones 1 y 2,,pdf,,,,,https://drive.google.com/file/d/1p2Z0MDUW5CQy7HAZ-rssZ2Lr21SGtutq/view?usp=drivesdk,ğ…ğ¢ğ¥ğ¨ğ¬ğ¨ğŸÃ­ğš Â¿ğğšğ«ğš ğªğ®Ã©?/ğ‹ğğœğ­ğ®ğ«ğšğ¬
"02- Platon, Republica, AlegorÃ­a de la caverna",,pdf,,,,,https://drive.google.com/file/d/1hPa2FqR-OQzFn9v-iLSTQbcCsc_e8UT3/view?usp=drivesdk,ğ…ğ¢ğ¥ğ¨ğ¬ğ¨ğŸÃ­ğš Â¿ğğšğ«ğš ğªğ®Ã©?/ğ‹ğğœğ­ğ®ğ«ğšğ¬
"01- Jaspers, K., La filosofia Cap 1",,pdf,,,,,https://drive.google.com/file/d/1VphOhiN4QMhS4gtEUcq4wJ6NDB8Wz6gR/view?usp=drivesdk,ğ…ğ¢ğ¥ğ¨ğ¬ğ¨ğŸÃ­ğš Â¿ğğšğ«ğš ğªğ®Ã©?/ğ‹ğğœğ­ğ®ğ«ğšğ¬
Resumen,,pdf,,,,,https://drive.google.com/file/d/1vCk6jaUvXRAX5lE01klVax_EnH6XtQSa/view?usp=drivesdk,ğ“ğğ§ğ¢ğ¬ ğğ ğŒğğ¬ğš
Apuntes,,pdf,,,,,https://drive.google.com/file/d/1o_Hv_5c1MTHl-MVp-B-xjePYCn7hZTxx/view?usp=drivesdk,ğ„ğ¥ ğŒğ¢ğ¬ğ­ğğ«ğ¢ğ¨ğ¬ğ¨ ğ‚ğšğ¬ğ¨/ğ€ğ©ğ®ğ§ğ­ğğ¬
La incidencia de la posmodernidad en las formas actuales de narrar,,pdf,,,,,https://drive.google.com/file/d/1Ptm-KNcpIAIcBJpvFAMwZxJFTCFxfJlN/view?usp=drivesdk,ğ„ğ¥ ğŒğ¢ğ¬ğ­ğğ«ğ¢ğ¨ğ¬ğ¨ ğ‚ğšğ¬ğ¨/ğ“ğğ±ğ­ğ¨ğ¬/ğ„ğ±ğšğ¦ğğ§
La caza del carnero salvaje HM,,pdf,,,,,https://drive.google.com/file/d/1n9Vg9VVGMdZD8z_2Ti_vpJUSpTTGTv48/view?usp=drivesdk,ğ„ğ¥ ğŒğ¢ğ¬ğ­ğğ«ğ¢ğ¨ğ¬ğ¨ ğ‚ğšğ¬ğ¨/ğ“ğğ±ğ­ğ¨ğ¬/ğ„ğ±ğšğ¦ğğ§
Jorge Luis Borges Ficciones,,pdf,,,,,https://drive.google.com/file/d/1Zz3QuvQ5_BuNXYAfKoHzbH8QC9JNEW9s/view?usp=drivesdk,ğ„ğ¥ ğŒğ¢ğ¬ğ­ğğ«ğ¢ğ¨ğ¬ğ¨ ğ‚ğšğ¬ğ¨/ğ“ğğ±ğ­ğ¨ğ¬/ğ„ğ±ğšğ¦ğğ§
City of Glass,,pdf,,,,,https://drive.google.com/file/d/1wdZaG1GyOM3uDnpaZ5BjZAh0xt-06b5t/view?usp=drivesdk,ğ„ğ¥ ğŒğ¢ğ¬ğ­ğğ«ğ¢ğ¨ğ¬ğ¨ ğ‚ğšğ¬ğ¨/ğ“ğğ±ğ­ğ¨ğ¬/ğ„ğ±ğšğ¦ğğ§
AsimilaciÃ³n y posmodernidad: el gÃ©nero negro en la literatura de HM,,pdf,,,,,https://drive.google.com/file/d/1JIVzoIhxt4cslxDlIRZoZqTw6sImp4Tr/view?usp=drivesdk,ğ„ğ¥ ğŒğ¢ğ¬ğ­ğğ«ğ¢ğ¨ğ¬ğ¨ ğ‚ğšğ¬ğ¨/ğ“ğğ±ğ­ğ¨ğ¬/ğ„ğ±ğšğ¦ğğ§
"La trilogÃ­a de NY, Auster Paul",,pdf,,,,,https://drive.google.com/file/d/1caGBabTAy6W3OzZQ4fduChIgiDvasXkR/view?usp=drivesdk,ğ„ğ¥ ğŒğ¢ğ¬ğ­ğğ«ğ¢ğ¨ğ¬ğ¨ ğ‚ğšğ¬ğ¨/ğ“ğğ±ğ­ğ¨ğ¬/ğ„ğ±ğšğ¦ğğ§
BiografÃ­a del Crimen,,pdf,,,,,https://drive.google.com/file/d/1s94GDXPYPT-eM_aKs9T190k0IkhqltVP/view?usp=drivesdk,ğ„ğ¥ ğŒğ¢ğ¬ğ­ğğ«ğ¢ğ¨ğ¬ğ¨ ğ‚ğšğ¬ğ¨/ğ“ğğ±ğ­ğ¨ğ¬/ğ‚ğ¨ğ§ğ­ğ«ğ¨ğ¥ ğŸ
Cuentos de Ernest Hemingway,,pdf,,,,,https://drive.google.com/file/d/1k5GGbggc3KCPEaiCq4dv4movzS6LhgRh/view?usp=drivesdk,ğ„ğ¥ ğŒğ¢ğ¬ğ­ğğ«ğ¢ğ¨ğ¬ğ¨ ğ‚ğšğ¬ğ¨/ğ“ğğ±ğ­ğ¨ğ¬/ğ‚ğ¨ğ§ğ­ğ«ğ¨ğ¥ ğŸ
TipologÃ­a de la novela policial,,pdf,,,,,https://drive.google.com/file/d/1PNpdkYByqViq4tVcTe08Dpe8KFbroPwS/view?usp=drivesdk,ğ„ğ¥ ğŒğ¢ğ¬ğ­ğğ«ğ¢ğ¨ğ¬ğ¨ ğ‚ğšğ¬ğ¨/ğ“ğğ±ğ­ğ¨ğ¬/ğ‚ğ¨ğ§ğ­ğ«ğ¨ğ¥ ğŸ
El juego de los cautos,,pdf,,,,,https://drive.google.com/file/d/1EzsoKna1fNNIicncNlpfLeBySfNbiErU/view?usp=drivesdk,ğ„ğ¥ ğŒğ¢ğ¬ğ­ğğ«ğ¢ğ¨ğ¬ğ¨ ğ‚ğšğ¬ğ¨/ğ“ğğ±ğ­ğ¨ğ¬/ğ‚ğ¨ğ§ğ­ğ«ğ¨ğ¥ ğŸ
El Canon de la novela negra y policÃ­aca,,pdf,,,,,https://drive.google.com/file/d/113gCzseSy7cMPY_9RGNV9RcbIYcbWetT/view?usp=drivesdk,ğ„ğ¥ ğŒğ¢ğ¬ğ­ğğ«ğ¢ğ¨ğ¬ğ¨ ğ‚ğšğ¬ğ¨/ğ“ğğ±ğ­ğ¨ğ¬/ğ‚ğ¨ğ§ğ­ğ«ğ¨ğ¥ ğŸ
Breve historia filosÃ³fica de la narrativa policial,,pdf,,,,,https://drive.google.com/file/d/1io3fKiULnSIsTMoY4qvTjyNh0sI1fLiV/view?usp=drivesdk,ğ„ğ¥ ğŒğ¢ğ¬ğ­ğğ«ğ¢ğ¨ğ¬ğ¨ ğ‚ğšğ¬ğ¨/ğ“ğğ±ğ­ğ¨ğ¬/ğ‚ğ¨ğ§ğ­ğ«ğ¨ğ¥ ğŸ
ReconstituciÃ³n de escena,,pdf,,,,,https://drive.google.com/file/d/1Z_zJm-DTIXkSF-R0MjPqNTCqmMB5cHVF/view?usp=drivesdk,ğ„ğ¥ ğŒğ¢ğ¬ğ­ğğ«ğ¢ğ¨ğ¬ğ¨ ğ‚ğšğ¬ğ¨/ğ“ğğ±ğ­ğ¨ğ¬/ğ‚ğ¨ğ§ğ­ğ«ğ¨ğ¥ ğŸ
De la novela enigma al realismo noir,,pdf,,,,,https://drive.google.com/file/d/1tojg5g_Z1aNHSAjQQQzd9wVekbfm1d-y/view?usp=drivesdk,ğ„ğ¥ ğŒğ¢ğ¬ğ­ğğ«ğ¢ğ¨ğ¬ğ¨ ğ‚ğšğ¬ğ¨/ğ“ğğ±ğ­ğ¨ğ¬/ğ‚ğ¨ğ§ğ­ğ«ğ¨ğ¥ ğŸ
Los orÃ­genes apÃ³crifos del gÃ©nero policial,,pdf,,,,,https://drive.google.com/file/d/1gpMwBqBa8TlEWr41N7WOf-tCPXyYhM2x/view?usp=drivesdk,ğ„ğ¥ ğŒğ¢ğ¬ğ­ğğ«ğ¢ğ¨ğ¬ğ¨ ğ‚ğšğ¬ğ¨/ğ“ğğ±ğ­ğ¨ğ¬/ğ‚ğ¨ğ§ğ­ğ«ğ¨ğ¥ ğŸ
La historia de la literatura policial (1),,pdf,,,,,https://drive.google.com/file/d/1ScKzTKnEGQAS9F05AXBznQ7kw1HRt5oe/view?usp=drivesdk,ğ„ğ¥ ğŒğ¢ğ¬ğ­ğğ«ğ¢ğ¨ğ¬ğ¨ ğ‚ğšğ¬ğ¨/ğ“ğğ±ğ­ğ¨ğ¬/ğ‚ğ¨ğ§ğ­ğ«ğ¨ğ¥ ğŸ
Agatha Christie Cuentos,,pdf,,,,,https://drive.google.com/file/d/1BQNfw9J4sgwT8Qb1t0dgSbSAtoHPLKt3/view?usp=drivesdk,ğ„ğ¥ ğŒğ¢ğ¬ğ­ğğ«ğ¢ğ¨ğ¬ğ¨ ğ‚ğšğ¬ğ¨/ğ“ğğ±ğ­ğ¨ğ¬/ğ‚ğ¨ğ§ğ­ğ«ğ¨ğ¥ ğŸ
Un caso de Identidad,,pdf,,,,,https://drive.google.com/file/d/1LaUouEZ0QV6tgPAceuk81VxSjkGCluOV/view?usp=drivesdk,ğ„ğ¥ ğŒğ¢ğ¬ğ­ğğ«ğ¢ğ¨ğ¬ğ¨ ğ‚ğšğ¬ğ¨/ğ“ğğ±ğ­ğ¨ğ¬/ğ‚ğ¨ğ§ğ­ğ«ğ¨ğ¥ ğŸ
El Carbunclo Azul,,pdf,,,,,https://drive.google.com/file/d/1kpH-44rgt5SMee62u0baPRpsxEIx8Zut/view?usp=drivesdk,ğ„ğ¥ ğŒğ¢ğ¬ğ­ğğ«ğ¢ğ¨ğ¬ğ¨ ğ‚ğšğ¬ğ¨/ğ“ğğ±ğ­ğ¨ğ¬/ğ‚ğ¨ğ§ğ­ğ«ğ¨ğ¥ ğŸ
EscÃ¡ndalo en Bohemia,,pdf,,,,,https://drive.google.com/file/d/1DQQXrFojXTI6xemunEpI3y_Z_E_BmfFA/view?usp=drivesdk,ğ„ğ¥ ğŒğ¢ğ¬ğ­ğğ«ğ¢ğ¨ğ¬ğ¨ ğ‚ğšğ¬ğ¨/ğ“ğğ±ğ­ğ¨ğ¬/ğ‚ğ¨ğ§ğ­ğ«ğ¨ğ¥ ğŸ
El problema final,,pdf,,,,,https://drive.google.com/file/d/1LGwA8T2Hrrf2640nxEyqSn0nUkqhyGoR/view?usp=drivesdk,ğ„ğ¥ ğŒğ¢ğ¬ğ­ğğ«ğ¢ğ¨ğ¬ğ¨ ğ‚ğšğ¬ğ¨/ğ“ğğ±ğ­ğ¨ğ¬/ğ‚ğ¨ğ§ğ­ğ«ğ¨ğ¥ ğŸ
La Liga de los Pelirrojos,,pdf,,,,,https://drive.google.com/file/d/1eLvwIG_5nc70rxYCt6pjMkTpWtIIFSj9/view?usp=drivesdk,ğ„ğ¥ ğŒğ¢ğ¬ğ­ğğ«ğ¢ğ¨ğ¬ğ¨ ğ‚ğšğ¬ğ¨/ğ“ğğ±ğ­ğ¨ğ¬/ğ‚ğ¨ğ§ğ­ğ«ğ¨ğ¥ ğŸ
Cuentos de Poe,,pdf,,,,,https://drive.google.com/file/d/1Xbpx5LHxSpZQGvax1bxnkLU_ZMYzwIyN/view?usp=drivesdk,ğ„ğ¥ ğŒğ¢ğ¬ğ­ğğ«ğ¢ğ¨ğ¬ğ¨ ğ‚ğšğ¬ğ¨/ğ“ğğ±ğ­ğ¨ğ¬/ğ‚ğ¨ğ§ğ­ğ«ğ¨ğ¥ ğŸ
Examen,,pdf,,,,,https://drive.google.com/file/d/1LGV8IJaguw5J8yXNPBhj-E8LqF2zEIrv/view?usp=drivesdk,ğ„ğ¥ ğŒğ¢ğ¬ğ­ğğ«ğ¢ğ¨ğ¬ğ¨ ğ‚ğšğ¬ğ¨/ğğ«ğ®ğğ›ğšğ¬
Prueba 2,,pdf,,,,,https://drive.google.com/file/d/1S9fjlAIMum24NSW5cbC3t7K-EHMSXavo/view?usp=drivesdk,ğ„ğ¥ ğŒğ¢ğ¬ğ­ğğ«ğ¢ğ¨ğ¬ğ¨ ğ‚ğšğ¬ğ¨/ğğ«ğ®ğğ›ğšğ¬
Prueba 1,,pdf,,,,,https://drive.google.com/file/d/1bHBcw3JdXKmr9Tss3SFXdxd94ULIKm3X/view?usp=drivesdk,ğ„ğ¥ ğŒğ¢ğ¬ğ­ğğ«ğ¢ğ¨ğ¬ğ¨ ğ‚ğšğ¬ğ¨/ğğ«ğ®ğğ›ğšğ¬
Dweck,,pdf,,,,,https://drive.google.com/file/d/132sQqeBEinXurCOpH9LXYDlxy7HVSAB9/view?usp=drivesdk,ğ€ğ©ğ«ğğ§ğğ¢ğ³ğšğ£ğ ğ„ğ¬ğ­ğ«ğšğ­Ã©ğ ğ¢ğœğ¨/ğ“ğğ±ğ­ğ¨ğ¬
Pintrich,,pdf,,,,,https://drive.google.com/file/d/1yjmOjMTtIdqD2BfhXyPV7mmId_obBZgx/view?usp=drivesdk,ğ€ğ©ğ«ğğ§ğğ¢ğ³ğšğ£ğ ğ„ğ¬ğ­ğ«ğšğ­Ã©ğ ğ¢ğœğ¨/ğ“ğğ±ğ­ğ¨ğ¬
Prueba 1,,pdf,,,,,https://drive.google.com/file/d/18CCz6uKJ6EOcW4_a95bSlDUwdWCr1csb/view?usp=drivesdk,ğ€ğ©ğ«ğğ§ğğ¢ğ³ğšğ£ğ ğ„ğ¬ğ­ğ«ğšğ­Ã©ğ ğ¢ğœğ¨/ğğ«ğ®ğğ›ğšğ¬
Prueba 2,,pdf,,,,,https://drive.google.com/file/d/1MGi0-FQ99BU2xde8KkCeONltnagjP9NQ/view?usp=drivesdk,ğ€ğ©ğ«ğğ§ğğ¢ğ³ğšğ£ğ ğ„ğ¬ğ­ğ«ğšğ­Ã©ğ ğ¢ğœğ¨/ğğ«ğ®ğğ›ğšğ¬
Aprendizaje EstratÃ©gico para la Experiencia Universitaria,,pdf,,,,,https://drive.google.com/file/d/1_YBu0P3kJMB-jKCIsxFkWWYhleZAcQIp/view?usp=drivesdk,ğ€ğ©ğ«ğğ§ğğ¢ğ³ğšğ£ğ ğ„ğ¬ğ­ğ«ğšğ­Ã©ğ ğ¢ğœğ¨/ğ‘ğğ¬ğ®ğ¦ğğ§
IntroaPP_Rengifo (1),,pdf,,,,,https://drive.google.com/file/d/1yrMcjnAm_LliamFO2CD0tvVHfMxP45O2/view?usp=drivesdk,ğ‚ğ®ğ«ğ¬ğ¨ğ¬ ğ„ğ±ğ­ğ«ğšğ¬/ğˆğ§ğ­ğ«ğ¨ ğğ¨ğ¥Ã­ğ­ğ¢ğœğšğ¬ ğÃºğ›ğ¥ğ¢ğœğšğ¬/ğ‘ğğ¬ğ®ğ¦ğğ§
Gruber Public Finance and Public Policy - Chapter 3,,pdf,,,,,https://drive.google.com/file/d/1RGWDDs1GZ8BENHCw7P6iVYRx-2feMoO8/view?usp=drivesdk,ğ‚ğ®ğ«ğ¬ğ¨ğ¬ ğ„ğ±ğ­ğ«ğšğ¬/ğˆğ§ğ­ğ«ğ¨ ğğ¨ğ¥Ã­ğ­ğ¢ğœğšğ¬ ğÃºğ›ğ¥ğ¢ğœğšğ¬/ğ‹ğğœğ­ğ®ğ«ğšğ¬
5. Olson La LÃ³gica de la AcciÃ³n Colectiva (1),,pdf,,,,,https://drive.google.com/file/d/1MPBlPdbx3aQDrI5YkAc4Vz-8XyIdUmi-/view?usp=drivesdk,ğ‚ğ®ğ«ğ¬ğ¨ğ¬ ğ„ğ±ğ­ğ«ğšğ¬/ğˆğ§ğ­ğ«ğ¨ ğğ¨ğ¥Ã­ğ­ğ¢ğœğšğ¬ ğÃºğ›ğ¥ğ¢ğœğšğ¬/ğ‹ğğœğ­ğ®ğ«ğšğ¬
Manual-de-InducciÃ³n-para-Directivos-PÃºblicos-1,,pdf,,,,,https://drive.google.com/file/d/1cBH4qmqTQu2F2CTFaGd2UVqTRMKk4WuX/view?usp=drivesdk,ğ‚ğ®ğ«ğ¬ğ¨ğ¬ ğ„ğ±ğ­ğ«ğšğ¬/ğˆğ§ğ­ğ«ğ¨ ğğ¨ğ¥Ã­ğ­ğ¢ğœğšğ¬ ğÃºğ›ğ¥ğ¢ğœğšğ¬/ğ‹ğğœğ­ğ®ğ«ğšğ¬
Chapter_6_The_Weakest_Link_The_Bureaucra-2 (1),,pdf,,,,,https://drive.google.com/file/d/1CCv3zptc7JzvJdEsNNvarmk-KEXWWASG/view?usp=drivesdk,ğ‚ğ®ğ«ğ¬ğ¨ğ¬ ğ„ğ±ğ­ğ«ğšğ¬/ğˆğ§ğ­ğ«ğ¨ ğğ¨ğ¥Ã­ğ­ğ¢ğœğšğ¬ ğÃºğ›ğ¥ğ¢ğœğšğ¬/ğ‹ğğœğ­ğ®ğ«ğšğ¬
Anderson+C.3 (1),,pdf,,,,,https://drive.google.com/file/d/1FRTsdSuTjBhywgVlc-n18uRKuqlYfWYk/view?usp=drivesdk,ğ‚ğ®ğ«ğ¬ğ¨ğ¬ ğ„ğ±ğ­ğ«ğšğ¬/ğˆğ§ğ­ğ«ğ¨ ğğ¨ğ¥Ã­ğ­ğ¢ğœğšğ¬ ğÃºğ›ğ¥ğ¢ğœğšğ¬/ğ‹ğğœğ­ğ®ğ«ğšğ¬
Claro y Repetto Proceso Presupuestario (ed6),,pdf,,,,,https://drive.google.com/file/d/1AagApHaby5QiiauvD0w0j3rLJmlbNZYX/view?usp=drivesdk,ğ‚ğ®ğ«ğ¬ğ¨ğ¬ ğ„ğ±ğ­ğ«ğšğ¬/ğˆğ§ğ­ğ«ğ¨ ğğ¨ğ¥Ã­ğ­ğ¢ğœğšğ¬ ğÃºğ›ğ¥ğ¢ğœğšğ¬/ğ‹ğğœğ­ğ®ğ«ğšğ¬
Colomer Comparative Constitutions (1),,pdf,,,,,https://drive.google.com/file/d/1l4J18zIAPNw2hE5Dt9C0_UEp_XEuaYIt/view?usp=drivesdk,ğ‚ğ®ğ«ğ¬ğ¨ğ¬ ğ„ğ±ğ­ğ«ğšğ¬/ğˆğ§ğ­ğ«ğ¨ ğğ¨ğ¥Ã­ğ­ğ¢ğœğšğ¬ ğÃºğ›ğ¥ğ¢ğœğšğ¬/ğ‹ğğœğ­ğ®ğ«ğšğ¬
BERLIN._dos_conceptos_de_libertad,,pdf,,,,,https://drive.google.com/file/d/1-tKajs4Td6e_jqt1hNaPlzC__cp9rLaY/view?usp=drivesdk,ğ‚ğ®ğ«ğ¬ğ¨ğ¬ ğ„ğ±ğ­ğ«ğšğ¬/ğˆğ§ğ­ğ«ğ¨ ğğ¨ğ¥Ã­ğ­ğ¢ğœğšğ¬ ğÃºğ›ğ¥ğ¢ğœğšğ¬/ğ‹ğğœğ­ğ®ğ«ğšğ¬
G Arriagada en Mercurio 5_marzo_22,,pdf,,,,,https://drive.google.com/file/d/1PjNDOCuNQkhghDb1N1XUMX9U3UmooP1L/view?usp=drivesdk,ğ‚ğ®ğ«ğ¬ğ¨ğ¬ ğ„ğ±ğ­ğ«ğšğ¬/ğˆğ§ğ­ğ«ğ¨ ğğ¨ğ¥Ã­ğ­ğ¢ğœğšğ¬ ğÃºğ›ğ¥ğ¢ğœğšğ¬/ğ‹ğğœğ­ğ®ğ«ğšğ¬
W_V Policy Analysis Concepts and Practice - Chapter 7,,pdf,,,,,https://drive.google.com/file/d/1V6m8zrCYPsrooIOsZRucHwI9vgI1JeIM/view?usp=drivesdk,ğ‚ğ®ğ«ğ¬ğ¨ğ¬ ğ„ğ±ğ­ğ«ğšğ¬/ğˆğ§ğ­ğ«ğ¨ ğğ¨ğ¥Ã­ğ­ğ¢ğœğšğ¬ ğÃºğ›ğ¥ğ¢ğœğšğ¬/ğ‹ğğœğ­ğ®ğ«ğšğ¬
Huntington_ El sobrio significado de la democracia,,pdf,,,,,https://drive.google.com/file/d/196gE0K5rDBhOOxSiIuwGI3lFBPO931rh/view?usp=drivesdk,ğ‚ğ®ğ«ğ¬ğ¨ğ¬ ğ„ğ±ğ­ğ«ğšğ¬/ğˆğ§ğ­ğ«ğ¨ ğğ¨ğ¥Ã­ğ­ğ¢ğœğšğ¬ ğÃºğ›ğ¥ğ¢ğœğšğ¬/ğ‹ğğœğ­ğ®ğ«ğšğ¬
"Acemoglu _ Robinson, chapters_1_and_2",,pdf,,,,,https://drive.google.com/file/d/1O8vRiT6i3Fu1PQYb2M05OwSodRZ6pUrM/view?usp=drivesdk,ğ‚ğ®ğ«ğ¬ğ¨ğ¬ ğ„ğ±ğ­ğ«ğšğ¬/ğˆğ§ğ­ğ«ğ¨ ğğ¨ğ¥Ã­ğ­ğ¢ğœğšğ¬ ğÃºğ›ğ¥ğ¢ğœğšğ¬/ğ‹ğğœğ­ğ®ğ«ğšğ¬
W_V Public Policy Analysis and Practice Chapter 5,,pdf,,,,,https://drive.google.com/file/d/182daNb0C53J836OsNldGdt43IgnEBLhY/view?usp=drivesdk,ğ‚ğ®ğ«ğ¬ğ¨ğ¬ ğ„ğ±ğ­ğ«ğšğ¬/ğˆğ§ğ­ğ«ğ¨ ğğ¨ğ¥Ã­ğ­ğ¢ğœğšğ¬ ğÃºğ›ğ¥ğ¢ğœğšğ¬/ğ‹ğğœğ­ğ®ğ«ğšğ¬
undp_cl_pobreza-Libro-DESIGUALES-final,,pdf,,,,,https://drive.google.com/file/d/1K38dbQMVm8zC7AVNaG1-4nK-9s7HmEu2/view?usp=drivesdk,ğ‚ğ®ğ«ğ¬ğ¨ğ¬ ğ„ğ±ğ­ğ«ğšğ¬/ğˆğ§ğ­ğ«ğ¨ ğğ¨ğ¥Ã­ğ­ğ¢ğœğšğ¬ ğÃºğ›ğ¥ğ¢ğœğšğ¬/ğ‹ğğœğ­ğ®ğ«ğšğ¬
K_F Public Policy cap 1 (1),,pdf,,,,,https://drive.google.com/file/d/1DVnSr5PqDdohmWfd02nG2v-AR22Wx2AR/view?usp=drivesdk,ğ‚ğ®ğ«ğ¬ğ¨ğ¬ ğ„ğ±ğ­ğ«ğšğ¬/ğˆğ§ğ­ğ«ğ¨ ğğ¨ğ¥Ã­ğ­ğ¢ğœğšğ¬ ğÃºğ›ğ¥ğ¢ğœğšğ¬/ğ‹ğğœğ­ğ®ğ«ğšğ¬
Milton y Rose Friedman - Free to Choose,,pdf,,,,,https://drive.google.com/file/d/1_k5oOg74FPe2FlwtCGP6p63qgB2FLRDC/view?usp=drivesdk,ğ‚ğ®ğ«ğ¬ğ¨ğ¬ ğ„ğ±ğ­ğ«ğšğ¬/ğˆğ§ğ­ğ«ğ¨ ğğ¨ğ¥Ã­ğ­ğ¢ğœğšğ¬ ğÃºğ›ğ¥ğ¢ğœğšğ¬/ğ‹ğğœğ­ğ®ğ«ğšğ¬
K_F Public Policy cap 3 (1),,pdf,,,,,https://drive.google.com/file/d/1v2m7Xhkg2fLlt0hVsZIWSTrOuMII37Dr/view?usp=drivesdk,ğ‚ğ®ğ«ğ¬ğ¨ğ¬ ğ„ğ±ğ­ğ«ğšğ¬/ğˆğ§ğ­ğ«ğ¨ ğğ¨ğ¥Ã­ğ­ğ¢ğœğšğ¬ ğÃºğ›ğ¥ğ¢ğœğšğ¬/ğ‹ğğœğ­ğ®ğ«ğšğ¬
CrÃ©ditosintroapp (1),,pdf,,,,,https://drive.google.com/file/d/1HsOYdCGMlMDvYs_Eme7rfEzA2a8FmH3E/view?usp=drivesdk,ğ‚ğ®ğ«ğ¬ğ¨ğ¬ ğ„ğ±ğ­ğ«ğšğ¬/ğˆğ§ğ­ğ«ğ¨ ğğ¨ğ¥Ã­ğ­ğ¢ğœğšğ¬ ğÃºğ›ğ¥ğ¢ğœğšğ¬/ğ‚ğ«Ã©ğğ¢ğ­ğ¨ğ¬
Clase 12 ValidaciÃ³n de PP ,,pptx,,,,,https://docs.google.com/presentation/d/10NJoDv_AfOUDinOfR58D6_CIYgcaHr8J/edit?usp=drivesdk&ouid=102722984492636590363&rtpof=true&sd=true,ğ‚ğ®ğ«ğ¬ğ¨ğ¬ ğ„ğ±ğ­ğ«ğšğ¬/ğˆğ§ğ­ğ«ğ¨ ğğ¨ğ¥Ã­ğ­ğ¢ğœğšğ¬ ğÃºğ›ğ¥ğ¢ğœğšğ¬/ğ‚ğ¥ğšğ¬ğğ¬ ğ„ğ¬ğœğ«ğ¢ğ­ğšğ¬
Clase 13 ImplementaciÃ³n y Burocracia,,pptx,,,,,https://docs.google.com/presentation/d/1liZPKx9Yfb_SGVsh-uIaDoZ8PMxEzR3G/edit?usp=drivesdk&ouid=102722984492636590363&rtpof=true&sd=true,ğ‚ğ®ğ«ğ¬ğ¨ğ¬ ğ„ğ±ğ­ğ«ğšğ¬/ğˆğ§ğ­ğ«ğ¨ ğğ¨ğ¥Ã­ğ­ğ¢ğœğšğ¬ ğÃºğ›ğ¥ğ¢ğœğšğ¬/ğ‚ğ¥ğšğ¬ğğ¬ ğ„ğ¬ğœğ«ğ¢ğ­ğšğ¬
Clase 14_evaluacion impacto,,pdf,,,,,https://drive.google.com/file/d/1yhJelQ2sxtfRD6NiXAstl3OVfJMv0uLw/view?usp=drivesdk,ğ‚ğ®ğ«ğ¬ğ¨ğ¬ ğ„ğ±ğ­ğ«ğšğ¬/ğˆğ§ğ­ğ«ğ¨ ğğ¨ğ¥Ã­ğ­ğ¢ğœğšğ¬ ğÃºğ›ğ¥ğ¢ğœğšğ¬/ğ‚ğ¥ğšğ¬ğğ¬ ğ„ğ¬ğœğ«ğ¢ğ­ğšğ¬
Clase 11 Actores PP y AcciÃ³n Colectiva ,,pptx,,,,,https://docs.google.com/presentation/d/1eNLEHVmsu4xiLxb7Eaj9-8I6bFWwb0QH/edit?usp=drivesdk&ouid=102722984492636590363&rtpof=true&sd=true,ğ‚ğ®ğ«ğ¬ğ¨ğ¬ ğ„ğ±ğ­ğ«ğšğ¬/ğˆğ§ğ­ğ«ğ¨ ğğ¨ğ¥Ã­ğ­ğ¢ğœğšğ¬ ğÃºğ›ğ¥ğ¢ğœğšğ¬/ğ‚ğ¥ğšğ¬ğğ¬ ğ„ğ¬ğœğ«ğ¢ğ­ğšğ¬
Clase 10_agenda,,pdf,,,,,https://drive.google.com/file/d/1egbjPvUYzXQmsoaReACJFhJEVgwMYVoO/view?usp=drivesdk,ğ‚ğ®ğ«ğ¬ğ¨ğ¬ ğ„ğ±ğ­ğ«ğšğ¬/ğˆğ§ğ­ğ«ğ¨ ğğ¨ğ¥Ã­ğ­ğ¢ğœğšğ¬ ğÃºğ›ğ¥ğ¢ğœğšğ¬/ğ‚ğ¥ğšğ¬ğğ¬ ğ„ğ¬ğœğ«ğ¢ğ­ğšğ¬
Clase 8 Constitucion,,pptx,,,,,https://docs.google.com/presentation/d/1EtxO9DL_2IKgCrPOF7yP4LA-k6n4Ie-a/edit?usp=drivesdk&ouid=102722984492636590363&rtpof=true&sd=true,ğ‚ğ®ğ«ğ¬ğ¨ğ¬ ğ„ğ±ğ­ğ«ğšğ¬/ğˆğ§ğ­ğ«ğ¨ ğğ¨ğ¥Ã­ğ­ğ¢ğœğšğ¬ ğÃºğ›ğ¥ğ¢ğœğšğ¬/ğ‚ğ¥ğšğ¬ğğ¬ ğ„ğ¬ğœğ«ğ¢ğ­ğšğ¬
Clase 9_ RestricciÃ³n presupuestaria,,pdf,,,,,https://drive.google.com/file/d/1RXZMwfrw-IOjdblcAcZRYCnB3N4r0JvU/view?usp=drivesdk,ğ‚ğ®ğ«ğ¬ğ¨ğ¬ ğ„ğ±ğ­ğ«ğšğ¬/ğˆğ§ğ­ğ«ğ¨ ğğ¨ğ¥Ã­ğ­ğ¢ğœğšğ¬ ğÃºğ›ğ¥ğ¢ğœğšğ¬/ğ‚ğ¥ğšğ¬ğğ¬ ğ„ğ¬ğœğ«ğ¢ğ­ğšğ¬
Clase 7_ objetivos pp,,pdf,,,,,https://drive.google.com/file/d/1_qaxT5V7rid_KB6TCYuMCROORb0Wob-b/view?usp=drivesdk,ğ‚ğ®ğ«ğ¬ğ¨ğ¬ ğ„ğ±ğ­ğ«ğšğ¬/ğˆğ§ğ­ğ«ğ¨ ğğ¨ğ¥Ã­ğ­ğ¢ğœğšğ¬ ğÃºğ›ğ¥ğ¢ğœğšğ¬/ğ‚ğ¥ğšğ¬ğğ¬ ğ„ğ¬ğœğ«ğ¢ğ­ğšğ¬
Clase 6 Democracia ,,pdf,,,,,https://drive.google.com/file/d/1kh3x0XEJgxt1hlFLk6ry5Vw7LE6qFdCg/view?usp=drivesdk,ğ‚ğ®ğ«ğ¬ğ¨ğ¬ ğ„ğ±ğ­ğ«ğšğ¬/ğˆğ§ğ­ğ«ğ¨ ğğ¨ğ¥Ã­ğ­ğ¢ğœğšğ¬ ğÃºğ›ğ¥ğ¢ğœğšğ¬/ğ‚ğ¥ğšğ¬ğğ¬ ğ„ğ¬ğœğ«ğ¢ğ­ğšğ¬
Clase 2_virtudes del mercado,,pdf,,,,,https://drive.google.com/file/d/1Z1f6NgblnV2O4pfTIqnZ0DKV-XTFAGVx/view?usp=drivesdk,ğ‚ğ®ğ«ğ¬ğ¨ğ¬ ğ„ğ±ğ­ğ«ğšğ¬/ğˆğ§ğ­ğ«ğ¨ ğğ¨ğ¥Ã­ğ­ğ¢ğœğšğ¬ ğÃºğ›ğ¥ğ¢ğœğšğ¬/ğ‚ğ¥ğšğ¬ğğ¬ ğ„ğ¬ğœğ«ğ¢ğ­ğšğ¬
Clase 5_ Estado,,pdf,,,,,https://drive.google.com/file/d/1Tr9UTSGoH7OHI1BVG7F0bcDMtRUAhtHt/view?usp=drivesdk,ğ‚ğ®ğ«ğ¬ğ¨ğ¬ ğ„ğ±ğ­ğ«ğšğ¬/ğˆğ§ğ­ğ«ğ¨ ğğ¨ğ¥Ã­ğ­ğ¢ğœğšğ¬ ğÃºğ›ğ¥ğ¢ğœğšğ¬/ğ‚ğ¥ğšğ¬ğğ¬ ğ„ğ¬ğœğ«ğ¢ğ­ğšğ¬
Clase 3_fallas del mercado,,pdf,,,,,https://drive.google.com/file/d/130r9YVFZaj0J3SE0ij--bByTOfsQ7aRR/view?usp=drivesdk,ğ‚ğ®ğ«ğ¬ğ¨ğ¬ ğ„ğ±ğ­ğ«ğšğ¬/ğˆğ§ğ­ğ«ğ¨ ğğ¨ğ¥Ã­ğ­ğ¢ğœğšğ¬ ğÃºğ›ğ¥ğ¢ğœğšğ¬/ğ‚ğ¥ğšğ¬ğğ¬ ğ„ğ¬ğœğ«ğ¢ğ­ğšğ¬
Clase 4_ desigualdad,,pdf,,,,,https://drive.google.com/file/d/1H_5b6wOYy6IJOV9A9n7u4qsqjqaC2y2e/view?usp=drivesdk,ğ‚ğ®ğ«ğ¬ğ¨ğ¬ ğ„ğ±ğ­ğ«ğšğ¬/ğˆğ§ğ­ğ«ğ¨ ğğ¨ğ¥Ã­ğ­ğ¢ğœğšğ¬ ğÃºğ›ğ¥ğ¢ğœğšğ¬/ğ‚ğ¥ğšğ¬ğğ¬ ğ„ğ¬ğœğ«ğ¢ğ­ğšğ¬
Clase 1,,pdf,,,,,https://drive.google.com/file/d/1w6BN8Yw-OpzmG0vlEtLRHlQE-y2QLoah/view?usp=drivesdk,ğ‚ğ®ğ«ğ¬ğ¨ğ¬ ğ„ğ±ğ­ğ«ğšğ¬/ğˆğ§ğ­ğ«ğ¨ ğğ¨ğ¥Ã­ğ­ğ¢ğœğšğ¬ ğÃºğ›ğ¥ğ¢ğœğšğ¬/ğ‚ğ¥ğšğ¬ğğ¬ ğ„ğ¬ğœğ«ğ¢ğ­ğšğ¬
AyudantÃ­a control 2 (1) (1),,pdf,,,,,https://drive.google.com/file/d/1cyUXkFBAqXaMyJXIcAQ4m3M24k_GOU7v/view?usp=drivesdk,ğ‚ğ®ğ«ğ¬ğ¨ğ¬ ğ„ğ±ğ­ğ«ğšğ¬/ğˆğ§ğ­ğ«ğ¨ ğğ¨ğ¥Ã­ğ­ğ¢ğœğšğ¬ ğÃºğ›ğ¥ğ¢ğœğšğ¬/ğ€ğ²ğ®ğğšğ§ğ­Ã­ğšğ¬
AyudantÃ­a IntroducciÃ³n a la EconomÃ­a 2,,pdf,,,,,https://drive.google.com/file/d/1fKwS9R-W9jppiEGLHDx6TLBAWC99IlbK/view?usp=drivesdk,ğ‚ğ®ğ«ğ¬ğ¨ğ¬ ğ„ğ±ğ­ğ«ğšğ¬/ğˆğ§ğ­ğ«ğ¨ ğğ¨ğ¥Ã­ğ­ğ¢ğœğšğ¬ ğÃºğ›ğ¥ğ¢ğœğšğ¬/ğ€ğ²ğ®ğğšğ§ğ­Ã­ğšğ¬
AyudantÃ­a IntroducciÃ³n a la EconomÃ­a I (1) (1),,pdf,,,,,https://drive.google.com/file/d/1OpuKjFm2WBe9h5_UwsMHElg94aMFwQTt/view?usp=drivesdk,ğ‚ğ®ğ«ğ¬ğ¨ğ¬ ğ„ğ±ğ­ğ«ğšğ¬/ğˆğ§ğ­ğ«ğ¨ ğğ¨ğ¥Ã­ğ­ğ¢ğœğšğ¬ ğÃºğ›ğ¥ğ¢ğœğšğ¬/ğ€ğ²ğ®ğğšğ§ğ­Ã­ğšğ¬